camera_id,provider,office,route_type,route_no,route_name,camera_name,area,municipality,km_point,lat,lon,elevation_m,camera_url,source_url,display_type,geo_status,elevation_status,checked_at,notes
CAM-001,静岡県,沼津土木事務所,国道,136,国道136号,船原トンネル(東側),伊豆北西部,伊豆市,,,,https://snowlive.pref.shizuoka.jp/numadu/01_funabara/cam_funabara.jpg,https://snowlive.pref.shizuoka.jp/,direct_image,pending_geocode,pending,2026-09-29,
CAM-002,静岡県,沼津土木事務所,主要地方道,12,伊東修善寺線,冷川トンネル(西側),伊豆中部,伊豆市,,,,https://snowlive.pref.shizuoka.jp/numadu/02_hiekawa/cam_hiekawa.jpg,https://snowlive.pref.shizuoka.jp/,direct_image,pending_geocode,pending,2026-09-29,
CAM-003,静岡県,沼津土木事務所,主要地方道,19,伊東大仁線,亀石峠,伊豆北部,伊豆の国市,,,,https://snowlive.pref.shizuoka.jp/numadu/03_kameishi/cam_kameishi.jpg,https://snowlive.pref.shizuoka.jp/,direct_image,pending_geocode,pending,2026-09-29,
CAM-004,静岡県,沼津土木事務所,国道,469,国道469号,十里木,富士山麓,裾野市,,,,https://snowlive.pref.shizuoka.jp/numadu/04_jurigi/cam_jurigi.jpg,https://snowlive.pref.shizuoka.jp/,direct_image,pending_geocode,pending,2026-09-29,
CAM-005,静岡県,沼津土木事務所,国道,138,国道138号,乙女峠,御殿場・箱根,御殿場市,,,,https://snowlive.pref.shizuoka.jp/numadu/05_otome/cam_otome.jpg,https://snowlive.pref.shizuoka.jp/,direct_image,pending_geocode,pending,2026-09-29,
CAM-006,静岡県,沼津土木事務所,主要地方道,18,修善寺戸田線,戸田峠,伊豆西部,沼津市,,,,https://snowlive.pref.shizuoka.jp/numadu/06_heda/cam_heda.jpg,https://snowlive.pref.shizuoka.jp/,direct_image,pending_geocode,pending,2026-09-29,
CAM-007,静岡県,沼津土木事務所,国道,414,国道414号,天城峠,伊豆中部,伊豆市,,,,https://snowlive.pref.shizuoka.jp/numadu/07_amagi/cam_amagi.jpg,https://snowlive.pref.shizuoka.jp/,direct_image,pending_geocode,pending,2026-09-29,
CAM-008,静岡県,沼津土木事務所,主要地方道,78,御殿場大井線,足柄峠,小山・足柄,小山町,,,,https://snowlive.pref.shizuoka.jp/numadu/08_ashigara/cam_ashigara.jpg,https://snowlive.pref.shizuoka.jp/,direct_image,pending_geocode,pending,2026-09-29,
CAM-009,静岡県,沼津土木事務所,主要地方道,20,熱海箱根峠線,熱海峠,箱根・熱海,熱海市,,,,https://snowlive.pref.shizuoka.jp/numadu/12_atamitouge/cam_atamitouge.jpg,https://snowlive.pref.shizuoka.jp/,direct_image,pending_geocode,pending,2026-09-29,
CAM-010,静岡県,沼津土木事務所,主要地方道,11,熱海函南線,鷹ノ巣山トンネル(函南側),函南・箱根,函南町,,,,https://snowlive.pref.shizuoka.jp/numadu/13_takanosumae/cam_takanosumae.jpg,https://snowlive.pref.shizuoka.jp/,direct_image,pending_geocode,pending,2026-09-29,
CAM-011,静岡県,沼津土木事務所,国道,136,国道136号,船原トンネル(土肥側),伊豆北西部,伊豆市,,,,https://snowlive.pref.shizuoka.jp/numadu/14_funahara/cam_funahara.jpg,https://snowlive.pref.shizuoka.jp/,direct_image,pending_geocode,pending,2026-09-29,
CAM-012,静岡県,沼津土木事務所,国道,138,国道138号,深沢東交差点,御殿場・箱根,御殿場市,,,,https://snowlive.pref.shizuoka.jp/numadu/10_fukazawahigashi/cam_fukazawahigashi.jpg,https://snowlive.pref.shizuoka.jp/,direct_image,pending_geocode,pending,2026-09-29,
CAM-013,静岡県,沼津土木事務所,国道,138,国道138号,深沢西交差点,御殿場・箱根,御殿場市,,,,https://snowlive.pref.shizuoka.jp/numadu/11_fukazawanishi/cam_fukazawanishi.jpg,https://snowlive.pref.shizuoka.jp/,direct_image,pending_geocode,pending,2026-09-29,
CAM-014,静岡県,沼津土木事務所,国道,138,国道138号,湖水前交差点,御殿場・箱根,御殿場市,,,,https://snowlive.pref.shizuoka.jp/numadu/09_kousuimae/cam_kousuimae.jpg,https://snowlive.pref.shizuoka.jp/,direct_image,pending_geocode,pending,2026-09-29,
CAM-015,静岡県,沼津土木事務所,一般県道,127,船原西浦高原線,真城峠,伊豆西部,沼津市,,,,https://snowlive.pref.shizuoka.jp/numadu/15_sanagitouge/cam_sanagitouge.jpg,https://snowlive.pref.shizuoka.jp/,direct_image,pending_geocode,pending,2026-09-29,
CAM-016,静岡県,富士土木事務所,主要地方道,71,富士宮鳴沢線,根原,富士山西麓,富士宮市,,,,https://fujilive.pref.shizuoka.jp/fuji/01_nehara/cam_nehara.jpg,https://fujilive.pref.shizuoka.jp/,direct_image,pending_geocode,pending,2026-09-29,
CAM-017,静岡県,富士土木事務所,一般県道,152,富士公園太郎坊線,富士宮口二合目,富士山麓,裾野市,,,,https://fujilive.pref.shizuoka.jp/fuji/03_fujinomiya/cam_fujinomiya.jpg,https://fujilive.pref.shizuoka.jp/,direct_image,pending_geocode,pending,2026-09-29,
CAM-018,静岡県,富士土木事務所,一般県道,152,富士公園太郎坊線,水ヶ塚,富士山麓,裾野市,,,,https://fujilive.pref.shizuoka.jp/fuji/02_mizugazuka/cam_mizugazuka.jpg,https://fujilive.pref.shizuoka.jp/,direct_image,pending_geocode,pending,2026-09-29,
CAM-019,静岡県,富士土木事務所,県道,414,県道414号,白糸の滝,富士山西麓,富士宮市,,,,https://fujilive.pref.shizuoka.jp/fuji/07_shiraitonotaki/cam_shiraitonotaki.jpg,https://fujilive.pref.shizuoka.jp/,direct_image,pending_geocode,pending,2026-09-29,
CAM-020,静岡県,富士土木事務所,主要地方道,71,富士宮鳴沢線,人穴,富士山西麓,富士宮市,,,,https://fujilive.pref.shizuoka.jp/fuji/08_hitoana/cam_hitoana.jpg,https://fujilive.pref.shizuoka.jp/,direct_image,pending_geocode,pending,2026-09-29,
CAM-021,静岡県,富士土木事務所,一般県道,180,富士宮富士公園線,篠坂,富士山南麓,富士宮市,,,,https://fujilive.pref.shizuoka.jp/fuji/06_shinosaka/cam_shinosaka.jpg,https://fujilive.pref.shizuoka.jp/,direct_image,pending_geocode,pending,2026-09-29,
CAM-022,静岡県,富士土木事務所,国道,469,国道469号,勢子辻,富士山南麓,富士市,,,,https://fujilive.pref.shizuoka.jp/fuji/05_sekotsuji/cam_sekotsuji.jpg,https://fujilive.pref.shizuoka.jp/,direct_image,pending_geocode,pending,2026-09-29,
CAM-023,静岡県,富士土木事務所,国道,469,国道469号,こどもの国入口,富士山南麓,富士市,,,,https://fujilive.pref.shizuoka.jp/fuji/04_kodomonokuni/cam_kodomonokuni.jpg,https://fujilive.pref.shizuoka.jp/,direct_image,pending_geocode,pending,2026-09-29,
CAM-024,静岡県,熱海土木事務所,国道,135,国道135号,上多賀1(熱海方面),伊豆東海岸,熱海市,,,,https://izu-e.pref.shizuoka.jp/atami/01_kamitaga_1/cam_kamitaga1.jpg,https://izu-e.pref.shizuoka.jp/,direct_image,pending_geocode,pending,2026-09-29,
CAM-025,静岡県,熱海土木事務所,国道,135,国道135号,上多賀2(下田方面),伊豆東海岸,熱海市,,,,https://izu-e.pref.shizuoka.jp/atami/02_kamitaga_2/cam_kamitaga2.jpg,https://izu-e.pref.shizuoka.jp/,direct_image,pending_geocode,pending,2026-09-29,
CAM-026,静岡県,熱海土木事務所,国道,135,国道135号,宇佐美(下田方面),伊豆東海岸,伊東市,,,,https://izu-e.pref.shizuoka.jp/atami/03_usami/cam_usami.jpg,https://izu-e.pref.shizuoka.jp/,direct_image,pending_geocode,pending,2026-09-29,
CAM-027,静岡県,熱海土木事務所,主要地方道,11,熱海函南線,笹尻(函南方面),熱海・函南,熱海市,,,,https://izu-e.pref.shizuoka.jp/atami/04_sasajiri/cam_sasajiri.jpg,https://izu-e.pref.shizuoka.jp/,direct_image,pending_geocode,pending,2026-09-29,
CAM-028,静岡県,熱海土木事務所,国道,135,国道135号,梅ノ木平(熱海方面),伊豆東海岸,伊東市,,,,https://izu-e.pref.shizuoka.jp/atami/05_umenokidaira/cam_umenokidaira.jpg,https://izu-e.pref.shizuoka.jp/,direct_image,pending_geocode,pending,2026-09-29,
CAM-029,静岡県,熱海土木事務所,国道,135,国道135号,伊豆高原(下田方面),伊豆東海岸,伊東市,,,,https://izu-e.pref.shizuoka.jp/atami/06_izukougen/cam_izukougen.jpg,https://izu-e.pref.shizuoka.jp/,direct_image,pending_geocode,pending,2026-09-29,
CAM-030,静岡県,熱海土木事務所,主要地方道,19,伊東大仁線,亀石峠東(伊東方面),伊豆北部,伊東市,,,,https://izu-e.pref.shizuoka.jp/atami/07_kameishitouge/cam_kameishitouge.jpg,https://izu-e.pref.shizuoka.jp/,direct_image,pending_geocode,pending,2026-09-29,
CAM-031,静岡県,熱海土木事務所,一般県道,111,遠笠山富戸線,鹿路庭峠(伊東方面),伊豆東部山地,伊東市,,,,https://izu-e.pref.shizuoka.jp/atami/08_rokurobatouge/cam_rokurobatouge.jpg,https://izu-e.pref.shizuoka.jp/,direct_image,pending_geocode,pending,2026-09-29,
CAM-032,静岡県,熱海土木事務所,一般県道,351,池東松原線,さくらの里(伊東市街方面),伊豆東部山地,伊東市,,,,https://izu-e.pref.shizuoka.jp/atami/09_sakuranosato/cam_sakuranosato.jpg,https://izu-e.pref.shizuoka.jp/,direct_image,pending_geocode,pending,2026-09-29,
CAM-033,静岡県道路公社,静岡県道路公社,有料道路,,伊豆スカイライン,玄岳IC付近,函南・伊豆スカイライン,函南町,,,,https://camera.siz-road.or.jp/izu/,https://camera.siz-road.or.jp/,page,pending_geocode,pending,2026-09-29,公式ページに『函南町畑地内』と明記
CAM-034,静岡県道路公社,静岡県道路公社,有料道路,,箱根スカイライン,料金所付近,箱根・御殿場,,,,,https://camera.siz-road.or.jp/hakone/,https://camera.siz-road.or.jp/,page,pending_geocode,pending,2026-09-29,
CAM-035,国土交通省,中部地方整備局 沼津河川国道事務所,自動車専用道路,1,伊豆縦貫自動車道（東駿河湾環状道路）,岡宮,三島・函南,沼津市,125.3,,,,https://www.cbr.mlit.go.jp/numazu/bousai/livecamera/izu/,https://www.cbr.mlit.go.jp/numazu/ifmob/livecam-road.html,group_page,pending_geocode,pending,2026-09-29,
CAM-036,国土交通省,中部地方整備局 沼津河川国道事務所,自動車専用道路,1,伊豆縦貫自動車道（東駿河湾環状道路）,芹沢川橋,三島・函南,沼津市,124.9,,,,https://www.cbr.mlit.go.jp/numazu/bousai/livecamera/izu/,https://www.cbr.mlit.go.jp/numazu/ifmob/livecam-road.html,group_page,pending_geocode,pending,2026-09-29,
CAM-037,国土交通省,中部地方整備局 沼津河川国道事務所,自動車専用道路,1,伊豆縦貫自動車道（東駿河湾環状道路）,谷津川橋,三島・函南,沼津市,123.4,,,,https://www.cbr.mlit.go.jp/numazu/bousai/livecamera/izu/,https://www.cbr.mlit.go.jp/numazu/ifmob/livecam-road.html,group_page,pending_geocode,pending,2026-09-29,
CAM-038,国土交通省,中部地方整備局 沼津河川国道事務所,自動車専用道路,1,伊豆縦貫自動車道（東駿河湾環状道路）,徳倉,三島・函南,三島市,119.5,,,,https://www.cbr.mlit.go.jp/numazu/bousai/livecamera/izu/,https://www.cbr.mlit.go.jp/numazu/ifmob/livecam-road.html,group_page,pending_geocode,pending,2026-09-29,
CAM-039,国土交通省,中部地方整備局 沼津河川国道事務所,自動車専用道路,1,伊豆縦貫自動車道（東駿河湾環状道路）,沢地川橋,三島・函南,三島市,118.5,,,,https://www.cbr.mlit.go.jp/numazu/bousai/livecamera/izu/,https://www.cbr.mlit.go.jp/numazu/ifmob/livecam-road.html,group_page,pending_geocode,pending,2026-09-29,
CAM-040,国土交通省,中部地方整備局 沼津河川国道事務所,自動車専用道路,1,伊豆縦貫自動車道（東駿河湾環状道路）,加茂,三島・函南,三島市,117.9,,,,https://www.cbr.mlit.go.jp/numazu/bousai/livecamera/izu/,https://www.cbr.mlit.go.jp/numazu/ifmob/livecam-road.html,group_page,pending_geocode,pending,2026-09-29,
CAM-041,国土交通省,中部地方整備局 沼津河川国道事務所,自動車専用道路,1,伊豆縦貫自動車道（東駿河湾環状道路）,塚原,三島・函南,三島市,116.7,,,,https://www.cbr.mlit.go.jp/numazu/bousai/livecamera/izu/,https://www.cbr.mlit.go.jp/numazu/ifmob/livecam-road.html,group_page,pending_geocode,pending,2026-09-29,
CAM-042,国土交通省,中部地方整備局 沼津河川国道事務所,自動車専用道路,1,伊豆縦貫自動車道（東駿河湾環状道路）,谷田北,三島・函南,三島市,115.6,,,,https://www.cbr.mlit.go.jp/numazu/bousai/livecamera/izu/,https://www.cbr.mlit.go.jp/numazu/ifmob/livecam-road.html,group_page,pending_geocode,pending,2026-09-29,
CAM-043,国土交通省,中部地方整備局 沼津河川国道事務所,自動車専用道路,1,伊豆縦貫自動車道（東駿河湾環状道路）,谷田南,三島・函南,三島市,114.0,,,,https://www.cbr.mlit.go.jp/numazu/bousai/livecamera/izu/,https://www.cbr.mlit.go.jp/numazu/ifmob/livecam-road.html,group_page,pending_geocode,pending,2026-09-29,
CAM-044,国土交通省,中部地方整備局 沼津河川国道事務所,自動車専用道路,1,伊豆縦貫自動車道（東駿河湾環状道路）,大場,三島・函南,三島市,113.1,,,,https://www.cbr.mlit.go.jp/numazu/bousai/livecamera/izu/,https://www.cbr.mlit.go.jp/numazu/ifmob/livecam-road.html,group_page,pending_geocode,pending,2026-09-29,
CAM-045,国土交通省,中部地方整備局 沼津河川国道事務所,自動車専用道路,1,伊豆縦貫自動車道（東駿河湾環状道路）,大土肥,三島・函南,函南町,111.1,,,,https://www.cbr.mlit.go.jp/numazu/bousai/livecamera/izu/,https://www.cbr.mlit.go.jp/numazu/ifmob/livecam-road.html,group_page,pending_geocode,pending,2026-09-29,
CAM-046,国土交通省,中部地方整備局 沼津河川国道事務所,国道,1,国道1号,茨ヶ平,箱根峠,函南町,103.0,,,,https://www.cbr.mlit.go.jp/numazu/bousai/livecamera/hakone/,https://www.cbr.mlit.go.jp/numazu/ifmob/livecam-road.html,group_page,pending_geocode,pending,2026-09-29,
CAM-047,国土交通省,中部地方整備局 沼津河川国道事務所,国道,1,国道1号,茨ヶ平,箱根峠,函南町,103.4,,,,https://www.cbr.mlit.go.jp/numazu/bousai/livecamera/hakone/,https://www.cbr.mlit.go.jp/numazu/ifmob/livecam-road.html,group_page,pending_geocode,pending,2026-09-29,
CAM-048,国土交通省,中部地方整備局 沼津河川国道事務所,国道,1,国道1号,茨ヶ平,箱根峠,函南町,103.7,,,,https://www.cbr.mlit.go.jp/numazu/bousai/livecamera/hakone/,https://www.cbr.mlit.go.jp/numazu/ifmob/livecam-road.html,group_page,pending_geocode,pending,2026-09-29,
CAM-049,国土交通省,中部地方整備局 沼津河川国道事務所,国道,1,国道1号,茨ヶ平,箱根峠,函南町,104.1,,,,https://www.cbr.mlit.go.jp/numazu/bousai/livecamera/hakone/,https://www.cbr.mlit.go.jp/numazu/ifmob/livecam-road.html,group_page,pending_geocode,pending,2026-09-29,
CAM-050,国土交通省,中部地方整備局 沼津河川国道事務所,国道,1,国道1号,施行平,箱根峠,函南町,104.5,,,,https://www.cbr.mlit.go.jp/numazu/bousai/livecamera/hakone/,https://www.cbr.mlit.go.jp/numazu/ifmob/livecam-road.html,group_page,pending_geocode,pending,2026-09-29,
CAM-051,国土交通省,中部地方整備局 沼津河川国道事務所,国道,1,国道1号,石割坂,箱根峠,函南町,105.0,,,,https://www.cbr.mlit.go.jp/numazu/bousai/livecamera/hakone/,https://www.cbr.mlit.go.jp/numazu/ifmob/livecam-road.html,group_page,pending_geocode,pending,2026-09-29,
CAM-052,国土交通省,中部地方整備局 沼津河川国道事務所,国道,1,国道1号,石割坂,箱根峠,函南町,105.3,,,,https://www.cbr.mlit.go.jp/numazu/bousai/livecamera/hakone/,https://www.cbr.mlit.go.jp/numazu/ifmob/livecam-road.html,group_page,pending_geocode,pending,2026-09-29,
CAM-053,国土交通省,中部地方整備局 沼津河川国道事務所,国道,1,国道1号,石割坂,箱根峠,函南町,105.6,,,,https://www.cbr.mlit.go.jp/numazu/bousai/livecamera/hakone/,https://www.cbr.mlit.go.jp/numazu/ifmob/livecam-road.html,group_page,pending_geocode,pending,2026-09-29,
CAM-054,国土交通省,中部地方整備局 沼津河川国道事務所,国道,1,国道1号,石割坂,箱根峠,函南町,105.8,,,,https://www.cbr.mlit.go.jp/numazu/bousai/livecamera/hakone/,https://www.cbr.mlit.go.jp/numazu/ifmob/livecam-road.html,group_page,pending_geocode,pending,2026-09-29,
CAM-055,国土交通省,中部地方整備局 沼津河川国道事務所,国道,1,国道1号,石割坂,箱根峠,函南町,106.2,,,,https://www.cbr.mlit.go.jp/numazu/bousai/livecamera/hakone/,https://www.cbr.mlit.go.jp/numazu/ifmob/livecam-road.html,group_page,pending_geocode,pending,2026-09-29,
CAM-056,国土交通省,中部地方整備局 沼津河川国道事務所,国道,1,国道1号,枯木,箱根峠,函南町,106.4,,,,https://www.cbr.mlit.go.jp/numazu/bousai/livecamera/hakone/,https://www.cbr.mlit.go.jp/numazu/ifmob/livecam-road.html,group_page,pending_geocode,pending,2026-09-29,
CAM-057,国土交通省,中部地方整備局 沼津河川国道事務所,国道,1,国道1号,枯木,箱根峠,函南町,106.6,,,,https://www.cbr.mlit.go.jp/numazu/bousai/livecamera/hakone/,https://www.cbr.mlit.go.jp/numazu/ifmob/livecam-road.html,group_page,pending_geocode,pending,2026-09-29,
CAM-058,国土交通省,中部地方整備局 沼津河川国道事務所,国道,1,国道1号,エビノ木,箱根峠,函南町,107.0,,,,https://www.cbr.mlit.go.jp/numazu/bousai/livecamera/hakone/,https://www.cbr.mlit.go.jp/numazu/ifmob/livecam-road.html,group_page,pending_geocode,pending,2026-09-29,
CAM-059,国土交通省,中部地方整備局 沼津河川国道事務所,国道,138,国道138号,須走,小山・須走,小山町,15.4,,,,https://www.cbr.mlit.go.jp/numazu/bousai/livecamera/246-138/,https://www.cbr.mlit.go.jp/numazu/ifmob/livecam-road.html,group_page,pending_geocode,pending,2026-09-29,
CAM-060,国土交通省,中部地方整備局 沼津河川国道事務所,国道,138,国道138号,須走,小山・須走,小山町,16.0,,,,https://www.cbr.mlit.go.jp/numazu/bousai/livecamera/246-138/,https://www.cbr.mlit.go.jp/numazu/ifmob/livecam-road.html,group_page,pending_geocode,pending,2026-09-29,
CAM-061,国土交通省,中部地方整備局 沼津河川国道事務所,国道,138,国道138号,須走,小山・須走,小山町,16.9,,,,https://www.cbr.mlit.go.jp/numazu/bousai/livecamera/246-138/,https://www.cbr.mlit.go.jp/numazu/ifmob/livecam-road.html,group_page,pending_geocode,pending,2026-09-29,
CAM-062,国土交通省,中部地方整備局 沼津河川国道事務所,国道,246,国道246号,須川橋,小山町,小山町,95.6,,,,https://www.cbr.mlit.go.jp/numazu/bousai/livecamera/246-138/,https://www.cbr.mlit.go.jp/numazu/ifmob/livecam-road.html,group_page,pending_geocode,pending,2026-09-29,
CAM-063,国土交通省,中部地方整備局 沼津河川国道事務所,国道,246,国道246号,上野,小山町,小山町,94.8,,,,https://www.cbr.mlit.go.jp/numazu/bousai/livecamera/246-138/,https://www.cbr.mlit.go.jp/numazu/ifmob/livecam-road.html,group_page,pending_geocode,pending,2026-09-29,
CAM-064,国土交通省,中部地方整備局 沼津河川国道事務所,国道,246,国道246号,藤曲,小山町,小山町,93.4,,,,https://www.cbr.mlit.go.jp/numazu/bousai/livecamera/246-138/,https://www.cbr.mlit.go.jp/numazu/ifmob/livecam-road.html,group_page,pending_geocode,pending,2026-09-29,
CAM-065,国土交通省,中部地方整備局 沼津河川国道事務所,国道,246,国道246号,中島,小山町,小山町,91.5,,,,https://www.cbr.mlit.go.jp/numazu/bousai/livecamera/246-138/,https://www.cbr.mlit.go.jp/numazu/ifmob/livecam-road.html,group_page,pending_geocode,pending,2026-09-29,
CAM-066,国土交通省,中部地方整備局 沼津河川国道事務所,国道,246,国道246号,生土,小山町,小山町,90.4,,,,https://www.cbr.mlit.go.jp/numazu/bousai/livecamera/246-138/,https://www.cbr.mlit.go.jp/numazu/ifmob/livecam-road.html,group_page,pending_geocode,pending,2026-09-29,
CAM-067,国土交通省,中部地方整備局 沼津河川国道事務所,国道,246,国道246号,生土,小山町,小山町,90.0,,,,https://www.cbr.mlit.go.jp/numazu/bousai/livecamera/246-138/,https://www.cbr.mlit.go.jp/numazu/ifmob/livecam-road.html,group_page,pending_geocode,pending,2026-09-29,
CAM-068,国土交通省,中部地方整備局 沼津河川国道事務所,国道,246,国道246号,生土,小山町,小山町,89.4,,,,https://www.cbr.mlit.go.jp/numazu/bousai/livecamera/246-138/,https://www.cbr.mlit.go.jp/numazu/ifmob/livecam-road.html,group_page,pending_geocode,pending,2026-09-29,
